image,color,long_tail,subset
../data/crops/bright/long/102.jpg,0,1,train
../data/crops/bright/long/105.jpg,0,1,train
../data/crops/bright/long/108.jpg,0,1,train
../data/crops/bright/long/11.jpg,0,1,train
../data/crops/bright/long/112.jpg,0,1,val
../data/crops/bright/long/116.jpg,0,1,train
../data/crops/bright/long/12.jpg,0,1,train
../data/crops/bright/long/13.jpg,0,1,train
../data/crops/bright/long/133.jpg,0,1,test
../data/crops/bright/long/163.jpg,0,1,train
../data/crops/bright/long/19.jpg,0,1,train
../data/crops/bright/long/2.jpg,0,1,train
../data/crops/bright/long/21.jpg,0,1,val
../data/crops/bright/long/212.jpg,0,1,val
../data/crops/bright/long/214.jpg,0,1,val
../data/crops/bright/long/23.jpg,0,1,train
../data/crops/bright/long/3.jpg,0,1,train
../data/crops/bright/long/31.jpg,0,1,test
../data/crops/bright/long/32.jpg,0,1,train
../data/crops/bright/long/333.jpg,0,1,train
../data/crops/bright/long/341.jpg,0,1,test
../data/crops/bright/long/35.jpg,0,1,train
../data/crops/bright/long/36.jpg,0,1,train
../data/crops/bright/long/41.jpg,0,1,val
../data/crops/bright/long/42.jpg,0,1,train
../data/crops/bright/long/45.jpg,0,1,train
../data/crops/bright/long/46.jpg,0,1,train
../data/crops/bright/long/498.jpg,0,1,train
../data/crops/bright/long/592.jpg,0,1,train
../data/crops/bright/long/62.jpg,0,1,train
../data/crops/bright/long/68.jpg,0,1,test
../data/crops/bright/long/69.jpg,0,1,test
../data/crops/bright/long/70.jpg,0,1,train
../data/crops/bright/long/71.jpg,0,1,train
../data/crops/bright/long/72.jpg,0,1,train
../data/crops/bright/long/8.jpg,0,1,train
../data/crops/bright/long/81.jpg,0,1,val
../data/crops/bright/long/86.jpg,0,1,train
../data/crops/bright/long/88.jpg,0,1,train
../data/crops/bright/long/89.jpg,0,1,train
../data/crops/bright/long/91.jpg,0,1,train
../data/crops/bright/long/94.jpg,0,1,test
../data/crops/bright/long/95.jpg,0,1,train
../data/crops/bright/long/99.jpg,0,1,train
../data/crops/bright/short/1.jpg,0,0,val
../data/crops/bright/short/100.jpg,0,0,val
../data/crops/bright/short/103.jpg,0,0,train
../data/crops/bright/short/104.jpg,0,0,train
../data/crops/bright/short/106.jpg,0,0,test
../data/crops/bright/short/107.jpg,0,0,train
../data/crops/bright/short/110.jpg,0,0,train
../data/crops/bright/short/114.jpg,0,0,train
../data/crops/bright/short/115.jpg,0,0,train
../data/crops/bright/short/117.jpg,0,0,train
../data/crops/bright/short/118.jpg,0,0,val
../data/crops/bright/short/119.jpg,0,0,train
../data/crops/bright/short/120.jpg,0,0,train
../data/crops/bright/short/121.jpg,0,0,train
../data/crops/bright/short/123.jpg,0,0,train
../data/crops/bright/short/125.jpg,0,0,test
../data/crops/bright/short/132.jpg,0,0,train
../data/crops/bright/short/139.jpg,0,0,train
../data/crops/bright/short/14.jpg,0,0,train
../data/crops/bright/short/140.jpg,0,0,train
../data/crops/bright/short/145.jpg,0,0,test
../data/crops/bright/short/147.jpg,0,0,train
../data/crops/bright/short/152.jpg,0,0,train
../data/crops/bright/short/153.jpg,0,0,train
../data/crops/bright/short/157.jpg,0,0,train
../data/crops/bright/short/158.jpg,0,0,test
../data/crops/bright/short/159.jpg,0,0,test
../data/crops/bright/short/160.jpg,0,0,train
../data/crops/bright/short/161.jpg,0,0,test
../data/crops/bright/short/162.jpg,0,0,test
../data/crops/bright/short/172.jpg,0,0,train
../data/crops/bright/short/173.jpg,0,0,val
../data/crops/bright/short/175.jpg,0,0,train
../data/crops/bright/short/176.jpg,0,0,test
../data/crops/bright/short/18.jpg,0,0,train
../data/crops/bright/short/191.jpg,0,0,train
../data/crops/bright/short/194.jpg,0,0,train
../data/crops/bright/short/195.jpg,0,0,train
../data/crops/bright/short/198.jpg,0,0,train
../data/crops/bright/short/199.jpg,0,0,train
../data/crops/bright/short/200.jpg,0,0,val
../data/crops/bright/short/203.jpg,0,0,train
../data/crops/bright/short/206.jpg,0,0,train
../data/crops/bright/short/207.jpg,0,0,val
../data/crops/bright/short/208.jpg,0,0,test
../data/crops/bright/short/216.jpg,0,0,test
../data/crops/bright/short/217.jpg,0,0,train
../data/crops/bright/short/218.jpg,0,0,train
../data/crops/bright/short/22.jpg,0,0,train
../data/crops/bright/short/224.jpg,0,0,train
../data/crops/bright/short/230.jpg,0,0,train
../data/crops/bright/short/232.jpg,0,0,train
../data/crops/bright/short/235.jpg,0,0,val
../data/crops/bright/short/236.jpg,0,0,train
../data/crops/bright/short/238.jpg,0,0,train
../data/crops/bright/short/239.jpg,0,0,train
../data/crops/bright/short/240.jpg,0,0,train
../data/crops/bright/short/243.jpg,0,0,train
../data/crops/bright/short/245.jpg,0,0,val
../data/crops/bright/short/247.jpg,0,0,val
../data/crops/bright/short/25.jpg,0,0,train
../data/crops/bright/short/26.jpg,0,0,val
../data/crops/bright/short/263.jpg,0,0,test
../data/crops/bright/short/264.jpg,0,0,train
../data/crops/bright/short/34.jpg,0,0,train
../data/crops/bright/short/37.jpg,0,0,val
../data/crops/bright/short/38.jpg,0,0,train
../data/crops/bright/short/43.jpg,0,0,train
../data/crops/bright/short/48.jpg,0,0,train
../data/crops/bright/short/515.jpg,0,0,train
../data/crops/bright/short/563.jpg,0,0,train
../data/crops/bright/short/58.jpg,0,0,train
../data/crops/bright/short/582.jpg,0,0,train
../data/crops/bright/short/59.jpg,0,0,train
../data/crops/bright/short/595.jpg,0,0,train
../data/crops/bright/short/600.jpg,0,0,train
../data/crops/bright/short/65.jpg,0,0,test
../data/crops/bright/short/66.jpg,0,0,test
../data/crops/bright/short/76.jpg,0,0,test
../data/crops/bright/short/78.jpg,0,0,val
../data/crops/bright/short/79.jpg,0,0,train
../data/crops/bright/short/83.jpg,0,0,val
../data/crops/bright/short/84.jpg,0,0,train
../data/crops/bright/short/85.jpg,0,0,train
../data/crops/bright/short/87.jpg,0,0,train
../data/crops/bright/short/9.jpg,0,0,val
../data/crops/bright/short/90.jpg,0,0,train
../data/crops/bright/short/93.jpg,0,0,train
../data/crops/bright/short/96.jpg,0,0,train
../data/crops/dark/long/1.jpg,1,1,train
../data/crops/dark/long/164.jpg,1,1,train
../data/crops/dark/long/167.jpg,1,1,train
../data/crops/dark/long/168.jpg,1,1,train
../data/crops/dark/long/172.jpg,1,1,train
../data/crops/dark/long/173.jpg,1,1,train
../data/crops/dark/long/174.jpg,1,1,train
../data/crops/dark/long/175.jpg,1,1,train
../data/crops/dark/long/176.jpg,1,1,train
../data/crops/dark/long/186.jpg,1,1,train
../data/crops/dark/long/189.jpg,1,1,train
../data/crops/dark/long/190.jpg,1,1,test
../data/crops/dark/long/191.jpg,1,1,train
../data/crops/dark/long/194.jpg,1,1,train
../data/crops/dark/long/196.jpg,1,1,train
../data/crops/dark/long/202.jpg,1,1,val
../data/crops/dark/long/204.jpg,1,1,test
../data/crops/dark/long/206.jpg,1,1,train
../data/crops/dark/long/207.jpg,1,1,train
../data/crops/dark/long/208.jpg,1,1,test
../data/crops/dark/long/213.jpg,1,1,train
../data/crops/dark/long/214.jpg,1,1,train
../data/crops/dark/long/215.jpg,1,1,test
../data/crops/dark/long/216.jpg,1,1,train
../data/crops/dark/long/224.jpg,1,1,test
../data/crops/dark/long/230.jpg,1,1,train
../data/crops/dark/long/231.jpg,1,1,test
../data/crops/dark/long/240.jpg,1,1,train
../data/crops/dark/long/249 (2).jpg,1,1,test
../data/crops/dark/long/250.jpg,1,1,train
../data/crops/dark/long/252.jpg,1,1,train
../data/crops/dark/long/253.jpg,1,1,train
../data/crops/dark/long/267.jpg,1,1,train
../data/crops/dark/long/281.jpg,1,1,test
../data/crops/dark/long/284.jpg,1,1,val
../data/crops/dark/long/286.jpg,1,1,train
../data/crops/dark/long/292.jpg,1,1,test
../data/crops/dark/long/293.jpg,1,1,train
../data/crops/dark/long/294.jpg,1,1,val
../data/crops/dark/long/297.jpg,1,1,train
../data/crops/dark/long/300.jpg,1,1,train
../data/crops/dark/long/302.jpg,1,1,train
../data/crops/dark/long/303.jpg,1,1,train
../data/crops/dark/long/304.jpg,1,1,train
../data/crops/dark/long/305 (2).jpg,1,1,train
../data/crops/dark/long/306 (2).jpg,1,1,train
../data/crops/dark/long/307.jpg,1,1,train
../data/crops/dark/long/309.jpg,1,1,train
../data/crops/dark/long/316 (2).jpg,1,1,val
../data/crops/dark/long/316.jpg,1,1,train
../data/crops/dark/long/317.jpg,1,1,train
../data/crops/dark/long/318.jpg,1,1,train
../data/crops/dark/long/326.jpg,1,1,train
../data/crops/dark/long/327.jpg,1,1,train
../data/crops/dark/long/338.jpg,1,1,train
../data/crops/dark/long/344.jpg,1,1,train
../data/crops/dark/long/362.jpg,1,1,train
../data/crops/dark/long/363.jpg,1,1,train
../data/crops/dark/long/364.jpg,1,1,test
../data/crops/dark/long/426.jpg,1,1,train
../data/crops/dark/long/440.jpg,1,1,train
../data/crops/dark/long/441.jpg,1,1,train
../data/crops/dark/long/457.jpg,1,1,val
../data/crops/dark/long/459.jpg,1,1,train
../data/crops/dark/long/473.jpg,1,1,train
../data/crops/dark/long/82.jpg,1,1,train
../data/crops/dark/long/83.jpg,1,1,test
../data/crops/dark/long/91.jpg,1,1,train
../data/crops/dark/short/105.jpg,1,0,train
../data/crops/dark/short/126.jpg,1,0,train
../data/crops/dark/short/129.jpg,1,0,train
../data/crops/dark/short/131.jpg,1,0,train
../data/crops/dark/short/136.jpg,1,0,train
../data/crops/dark/short/137.jpg,1,0,train
../data/crops/dark/short/146.jpg,1,0,train
../data/crops/dark/short/148.jpg,1,0,val
../data/crops/dark/short/154.jpg,1,0,train
../data/crops/dark/short/155.jpg,1,0,val
../data/crops/dark/short/165.jpg,1,0,train
../data/crops/dark/short/166.jpg,1,0,train
../data/crops/dark/short/17.jpg,1,0,test
../data/crops/dark/short/171.jpg,1,0,val
../data/crops/dark/short/177.jpg,1,0,val
../data/crops/dark/short/180.jpg,1,0,train
../data/crops/dark/short/182.jpg,1,0,test
../data/crops/dark/short/183.jpg,1,0,train
../data/crops/dark/short/185.jpg,1,0,val
../data/crops/dark/short/187.jpg,1,0,test
../data/crops/dark/short/192.jpg,1,0,train
../data/crops/dark/short/195.jpg,1,0,train
../data/crops/dark/short/199.jpg,1,0,test
../data/crops/dark/short/200.jpg,1,0,val
../data/crops/dark/short/201.jpg,1,0,train
../data/crops/dark/short/203.jpg,1,0,test
../data/crops/dark/short/205.jpg,1,0,test
../data/crops/dark/short/209.jpg,1,0,train
../data/crops/dark/short/210.jpg,1,0,val
../data/crops/dark/short/211.jpg,1,0,train
../data/crops/dark/short/212.jpg,1,0,train
../data/crops/dark/short/217.jpg,1,0,train
../data/crops/dark/short/218.jpg,1,0,test
../data/crops/dark/short/219.jpg,1,0,val
../data/crops/dark/short/220.jpg,1,0,val
../data/crops/dark/short/221.jpg,1,0,train
../data/crops/dark/short/222.jpg,1,0,train
../data/crops/dark/short/225.jpg,1,0,val
../data/crops/dark/short/226.jpg,1,0,train
../data/crops/dark/short/227.jpg,1,0,train
../data/crops/dark/short/228.jpg,1,0,train
../data/crops/dark/short/232.jpg,1,0,val
../data/crops/dark/short/233.jpg,1,0,train
../data/crops/dark/short/234.jpg,1,0,train
../data/crops/dark/short/235.jpg,1,0,train
../data/crops/dark/short/237.jpg,1,0,val
../data/crops/dark/short/238.jpg,1,0,test
../data/crops/dark/short/239.jpg,1,0,train
../data/crops/dark/short/24.jpg,1,0,val
../data/crops/dark/short/241.jpg,1,0,train
../data/crops/dark/short/242.jpg,1,0,train
../data/crops/dark/short/243.jpg,1,0,train
../data/crops/dark/short/244.jpg,1,0,train
../data/crops/dark/short/246.jpg,1,0,train
../data/crops/dark/short/247.jpg,1,0,val
../data/crops/dark/short/248.jpg,1,0,train
../data/crops/dark/short/249.jpg,1,0,train
../data/crops/dark/short/250 (2).jpg,1,0,train
../data/crops/dark/short/251.jpg,1,0,train
../data/crops/dark/short/252 (2).jpg,1,0,train
../data/crops/dark/short/253 (2).jpg,1,0,train
../data/crops/dark/short/254 (2).jpg,1,0,train
../data/crops/dark/short/254.jpg,1,0,train
../data/crops/dark/short/255 (2).jpg,1,0,train
../data/crops/dark/short/255.jpg,1,0,test
../data/crops/dark/short/256 (2).jpg,1,0,train
../data/crops/dark/short/256.jpg,1,0,train
../data/crops/dark/short/257.jpg,1,0,train
../data/crops/dark/short/258.jpg,1,0,train
../data/crops/dark/short/259.jpg,1,0,val
../data/crops/dark/short/260 (2).jpg,1,0,train
../data/crops/dark/short/260.jpg,1,0,train
../data/crops/dark/short/261.jpg,1,0,train
../data/crops/dark/short/262 (2).jpg,1,0,train
../data/crops/dark/short/262.jpg,1,0,train
../data/crops/dark/short/263.jpg,1,0,train
../data/crops/dark/short/264.jpg,1,0,train
../data/crops/dark/short/265.jpg,1,0,train
../data/crops/dark/short/266 (2).jpg,1,0,val
../data/crops/dark/short/266.jpg,1,0,train
../data/crops/dark/short/267 (2).jpg,1,0,train
../data/crops/dark/short/268 (2).jpg,1,0,train
../data/crops/dark/short/268.jpg,1,0,train
../data/crops/dark/short/269.jpg,1,0,train
../data/crops/dark/short/270 (2).jpg,1,0,val
../data/crops/dark/short/270.jpg,1,0,val
../data/crops/dark/short/271.jpg,1,0,train
../data/crops/dark/short/273.jpg,1,0,val
../data/crops/dark/short/274.jpg,1,0,train
../data/crops/dark/short/275 (2).jpg,1,0,train
../data/crops/dark/short/275.jpg,1,0,test
../data/crops/dark/short/276 (2).jpg,1,0,train
../data/crops/dark/short/276.jpg,1,0,test
../data/crops/dark/short/278 (2).jpg,1,0,train
../data/crops/dark/short/278.jpg,1,0,val
../data/crops/dark/short/279 (2).jpg,1,0,train
../data/crops/dark/short/279.jpg,1,0,train
../data/crops/dark/short/280.jpg,1,0,train
../data/crops/dark/short/281 (2).jpg,1,0,val
../data/crops/dark/short/282 (2).jpg,1,0,train
../data/crops/dark/short/282.jpg,1,0,train
../data/crops/dark/short/283.jpg,1,0,test
../data/crops/dark/short/284 (2).jpg,1,0,val
../data/crops/dark/short/285 (2).jpg,1,0,train
../data/crops/dark/short/285.jpg,1,0,train
../data/crops/dark/short/286 (2).jpg,1,0,val
../data/crops/dark/short/287.jpg,1,0,test
../data/crops/dark/short/288 (2).jpg,1,0,train
../data/crops/dark/short/288.jpg,1,0,train
../data/crops/dark/short/290 (2).jpg,1,0,train
../data/crops/dark/short/290.jpg,1,0,train
../data/crops/dark/short/291 (2).jpg,1,0,train
../data/crops/dark/short/291.jpg,1,0,val
../data/crops/dark/short/292 (2).jpg,1,0,train
../data/crops/dark/short/293 (2).jpg,1,0,train
../data/crops/dark/short/295.jpg,1,0,train
../data/crops/dark/short/296 (2).jpg,1,0,train
../data/crops/dark/short/296.jpg,1,0,train
../data/crops/dark/short/297 (2).jpg,1,0,val
../data/crops/dark/short/298 (2).jpg,1,0,val
../data/crops/dark/short/298.jpg,1,0,train
../data/crops/dark/short/299 (2).jpg,1,0,train
../data/crops/dark/short/299.jpg,1,0,train
../data/crops/dark/short/300 (2).jpg,1,0,train
../data/crops/dark/short/301 (2).jpg,1,0,test
../data/crops/dark/short/301.jpg,1,0,train
../data/crops/dark/short/302 (2).jpg,1,0,train
../data/crops/dark/short/303 (2).jpg,1,0,test
../data/crops/dark/short/304 (2).jpg,1,0,train
../data/crops/dark/short/305.jpg,1,0,train
../data/crops/dark/short/306.jpg,1,0,train
../data/crops/dark/short/307 (2).jpg,1,0,train
../data/crops/dark/short/308 (2).jpg,1,0,train
../data/crops/dark/short/308.jpg,1,0,val
../data/crops/dark/short/309 (2).jpg,1,0,train
../data/crops/dark/short/310 (2).jpg,1,0,test
../data/crops/dark/short/310.jpg,1,0,val
../data/crops/dark/short/311 (2).jpg,1,0,train
../data/crops/dark/short/311.jpg,1,0,test
../data/crops/dark/short/312 (2).jpg,1,0,train
../data/crops/dark/short/312.jpg,1,0,test
../data/crops/dark/short/313 (2).jpg,1,0,val
../data/crops/dark/short/313.jpg,1,0,train
../data/crops/dark/short/314 (2).jpg,1,0,train
../data/crops/dark/short/314.jpg,1,0,train
../data/crops/dark/short/315 (2).jpg,1,0,train
../data/crops/dark/short/315.jpg,1,0,train
../data/crops/dark/short/317 (2).jpg,1,0,train
../data/crops/dark/short/318 (2).jpg,1,0,val
../data/crops/dark/short/319 (2).jpg,1,0,train
../data/crops/dark/short/319.jpg,1,0,val
../data/crops/dark/short/320 (2).jpg,1,0,train
../data/crops/dark/short/320.jpg,1,0,test
../data/crops/dark/short/321 (2).jpg,1,0,test
../data/crops/dark/short/321.jpg,1,0,train
../data/crops/dark/short/322 (2).jpg,1,0,test
../data/crops/dark/short/322.jpg,1,0,val
../data/crops/dark/short/323.jpg,1,0,train
../data/crops/dark/short/324.jpg,1,0,train
../data/crops/dark/short/325 (2).jpg,1,0,test
../data/crops/dark/short/325.jpg,1,0,train
../data/crops/dark/short/326 (2).jpg,1,0,val
../data/crops/dark/short/328 (2).jpg,1,0,train
../data/crops/dark/short/328.jpg,1,0,train
../data/crops/dark/short/329 (2).jpg,1,0,train
../data/crops/dark/short/329.jpg,1,0,train
../data/crops/dark/short/330 (2).jpg,1,0,train
../data/crops/dark/short/330.jpg,1,0,train
../data/crops/dark/short/331 (2).jpg,1,0,train
../data/crops/dark/short/331.jpg,1,0,train
../data/crops/dark/short/332.jpg,1,0,train
../data/crops/dark/short/334.jpg,1,0,val
../data/crops/dark/short/335.jpg,1,0,train
../data/crops/dark/short/336.jpg,1,0,train
../data/crops/dark/short/337.jpg,1,0,test
../data/crops/dark/short/339.jpg,1,0,train
../data/crops/dark/short/340.jpg,1,0,train
../data/crops/dark/short/341.jpg,1,0,train
../data/crops/dark/short/342.jpg,1,0,train
../data/crops/dark/short/345.jpg,1,0,val
../data/crops/dark/short/346.jpg,1,0,train
../data/crops/dark/short/347.jpg,1,0,train
../data/crops/dark/short/348.jpg,1,0,train
../data/crops/dark/short/349.jpg,1,0,train
../data/crops/dark/short/350.jpg,1,0,test
../data/crops/dark/short/351.jpg,1,0,train
../data/crops/dark/short/354.jpg,1,0,train
../data/crops/dark/short/355.jpg,1,0,train
../data/crops/dark/short/356.jpg,1,0,train
../data/crops/dark/short/358.jpg,1,0,test
../data/crops/dark/short/366.jpg,1,0,train
../data/crops/dark/short/368.jpg,1,0,train
../data/crops/dark/short/369.jpg,1,0,val
../data/crops/dark/short/370.jpg,1,0,train
../data/crops/dark/short/371.jpg,1,0,train
../data/crops/dark/short/372.jpg,1,0,train
../data/crops/dark/short/373.jpg,1,0,train
../data/crops/dark/short/374.jpg,1,0,train
../data/crops/dark/short/375.jpg,1,0,train
../data/crops/dark/short/376.jpg,1,0,train
../data/crops/dark/short/377.jpg,1,0,test
../data/crops/dark/short/378.jpg,1,0,train
../data/crops/dark/short/379.jpg,1,0,train
../data/crops/dark/short/380.jpg,1,0,train
../data/crops/dark/short/382.jpg,1,0,train
../data/crops/dark/short/383.jpg,1,0,train
../data/crops/dark/short/384.jpg,1,0,train
../data/crops/dark/short/385.jpg,1,0,train
../data/crops/dark/short/386.jpg,1,0,train
../data/crops/dark/short/388.jpg,1,0,train
../data/crops/dark/short/389.jpg,1,0,train
../data/crops/dark/short/390.jpg,1,0,train
../data/crops/dark/short/391.jpg,1,0,test
../data/crops/dark/short/393.jpg,1,0,train
../data/crops/dark/short/394.jpg,1,0,train
../data/crops/dark/short/395.jpg,1,0,train
../data/crops/dark/short/396.jpg,1,0,test
../data/crops/dark/short/397.jpg,1,0,train
../data/crops/dark/short/398.jpg,1,0,train
../data/crops/dark/short/399.jpg,1,0,val
../data/crops/dark/short/400.jpg,1,0,test
../data/crops/dark/short/402.jpg,1,0,train
../data/crops/dark/short/403.jpg,1,0,train
../data/crops/dark/short/404.jpg,1,0,train
../data/crops/dark/short/405.jpg,1,0,train
../data/crops/dark/short/406.jpg,1,0,test
../data/crops/dark/short/408.jpg,1,0,test
../data/crops/dark/short/409.jpg,1,0,train
../data/crops/dark/short/410.jpg,1,0,val
../data/crops/dark/short/411.jpg,1,0,train
../data/crops/dark/short/412.jpg,1,0,val
../data/crops/dark/short/413.jpg,1,0,train
../data/crops/dark/short/414.jpg,1,0,train
../data/crops/dark/short/415.jpg,1,0,train
../data/crops/dark/short/416.jpg,1,0,test
../data/crops/dark/short/417.jpg,1,0,val
../data/crops/dark/short/418.jpg,1,0,test
../data/crops/dark/short/419.jpg,1,0,val
../data/crops/dark/short/420.jpg,1,0,train
../data/crops/dark/short/422.jpg,1,0,train
../data/crops/dark/short/424.jpg,1,0,train
../data/crops/dark/short/425.jpg,1,0,train
../data/crops/dark/short/427.jpg,1,0,train
../data/crops/dark/short/428.jpg,1,0,train
../data/crops/dark/short/429.jpg,1,0,train
../data/crops/dark/short/430.jpg,1,0,val
../data/crops/dark/short/431.jpg,1,0,train
../data/crops/dark/short/432.jpg,1,0,test
../data/crops/dark/short/433.jpg,1,0,train
../data/crops/dark/short/434.jpg,1,0,train
../data/crops/dark/short/435.jpg,1,0,train
../data/crops/dark/short/436.jpg,1,0,test
../data/crops/dark/short/437.jpg,1,0,train
../data/crops/dark/short/439.jpg,1,0,train
../data/crops/dark/short/442.jpg,1,0,test
../data/crops/dark/short/443.jpg,1,0,train
../data/crops/dark/short/444.jpg,1,0,train
../data/crops/dark/short/445.jpg,1,0,train
../data/crops/dark/short/446.jpg,1,0,train
../data/crops/dark/short/447.jpg,1,0,test
../data/crops/dark/short/448.jpg,1,0,train
../data/crops/dark/short/449.jpg,1,0,train
../data/crops/dark/short/450.jpg,1,0,val
../data/crops/dark/short/451.jpg,1,0,train
../data/crops/dark/short/452.jpg,1,0,train
../data/crops/dark/short/453.jpg,1,0,train
../data/crops/dark/short/454.jpg,1,0,train
../data/crops/dark/short/455.jpg,1,0,train
../data/crops/dark/short/456.jpg,1,0,train
../data/crops/dark/short/458.jpg,1,0,train
../data/crops/dark/short/460.jpg,1,0,test
../data/crops/dark/short/461.jpg,1,0,val
../data/crops/dark/short/462.jpg,1,0,test
../data/crops/dark/short/463.jpg,1,0,test
../data/crops/dark/short/464.jpg,1,0,train
../data/crops/dark/short/465.jpg,1,0,train
../data/crops/dark/short/466.jpg,1,0,val
../data/crops/dark/short/467.jpg,1,0,train
../data/crops/dark/short/469.jpg,1,0,train
../data/crops/dark/short/470.jpg,1,0,val
../data/crops/dark/short/471.jpg,1,0,val
../data/crops/dark/short/472.jpg,1,0,train
../data/crops/dark/short/474.jpg,1,0,val
../data/crops/dark/short/475.jpg,1,0,train
../data/crops/dark/short/476.jpg,1,0,train
../data/crops/dark/short/477.jpg,1,0,test
../data/crops/dark/short/478.jpg,1,0,train
../data/crops/dark/short/479.jpg,1,0,train
../data/crops/dark/short/480.jpg,1,0,val
../data/crops/dark/short/481.jpg,1,0,train
../data/crops/dark/short/482.jpg,1,0,val
../data/crops/dark/short/52.jpg,1,0,test
../data/crops/dark/short/6.jpg,1,0,train
../data/crops/dark/short/90.jpg,1,0,test
../data/crops/dark/short/92.jpg,1,0,train
../data/crops/ginger/long/10.jpg,2,1,test
../data/crops/ginger/long/101 (2).jpg,2,1,train
../data/crops/ginger/long/101.jpg,2,1,train
../data/crops/ginger/long/102.jpg,2,1,train
../data/crops/ginger/long/111.jpg,2,1,train
../data/crops/ginger/long/113.jpg,2,1,train
../data/crops/ginger/long/138.jpg,2,1,train
../data/crops/ginger/long/141.jpg,2,1,test
../data/crops/ginger/long/149.jpg,2,1,train
../data/crops/ginger/long/15.jpg,2,1,train
../data/crops/ginger/long/150.jpg,2,1,test
../data/crops/ginger/long/151.jpg,2,1,train
../data/crops/ginger/long/16.jpg,2,1,train
../data/crops/ginger/long/168.jpg,2,1,train
../data/crops/ginger/long/169.jpg,2,1,train
../data/crops/ginger/long/171.jpg,2,1,train
../data/crops/ginger/long/174.jpg,2,1,train
../data/crops/ginger/long/178.jpg,2,1,val
../data/crops/ginger/long/179.jpg,2,1,train
../data/crops/ginger/long/184.jpg,2,1,val
../data/crops/ginger/long/186.jpg,2,1,test
../data/crops/ginger/long/188.jpg,2,1,train
../data/crops/ginger/long/190.jpg,2,1,train
../data/crops/ginger/long/192.jpg,2,1,train
../data/crops/ginger/long/193.jpg,2,1,train
../data/crops/ginger/long/197 (2).jpg,2,1,train
../data/crops/ginger/long/198.jpg,2,1,train
../data/crops/ginger/long/201.jpg,2,1,train
../data/crops/ginger/long/202.jpg,2,1,train
../data/crops/ginger/long/210.jpg,2,1,train
../data/crops/ginger/long/222.jpg,2,1,train
../data/crops/ginger/long/223 (2).jpg,2,1,train
../data/crops/ginger/long/223.jpg,2,1,val
../data/crops/ginger/long/229 (2).jpg,2,1,train
../data/crops/ginger/long/229.jpg,2,1,test
../data/crops/ginger/long/233.jpg,2,1,val
../data/crops/ginger/long/234.jpg,2,1,test
../data/crops/ginger/long/237.jpg,2,1,test
../data/crops/ginger/long/245.jpg,2,1,train
../data/crops/ginger/long/246.jpg,2,1,train
../data/crops/ginger/long/259.jpg,2,1,train
../data/crops/ginger/long/261.jpg,2,1,train
../data/crops/ginger/long/27.jpg,2,1,train
../data/crops/ginger/long/271.jpg,2,1,val
../data/crops/ginger/long/273.jpg,2,1,train
../data/crops/ginger/long/28.jpg,2,1,test
../data/crops/ginger/long/283.jpg,2,1,train
../data/crops/ginger/long/287.jpg,2,1,val
../data/crops/ginger/long/289.jpg,2,1,train
../data/crops/ginger/long/29.jpg,2,1,test
../data/crops/ginger/long/294.jpg,2,1,train
../data/crops/ginger/long/30.jpg,2,1,train
../data/crops/ginger/long/324.jpg,2,1,train
../data/crops/ginger/long/327.jpg,2,1,train
../data/crops/ginger/long/333.jpg,2,1,val
../data/crops/ginger/long/339.jpg,2,1,val
../data/crops/ginger/long/343.jpg,2,1,train
../data/crops/ginger/long/353 (2).jpg,2,1,train
../data/crops/ginger/long/353.jpg,2,1,test
../data/crops/ginger/long/358.jpg,2,1,test
../data/crops/ginger/long/360.jpg,2,1,test
../data/crops/ginger/long/373.jpg,2,1,train
../data/crops/ginger/long/375.jpg,2,1,train
../data/crops/ginger/long/379.jpg,2,1,val
../data/crops/ginger/long/383.jpg,2,1,train
../data/crops/ginger/long/384.jpg,2,1,train
../data/crops/ginger/long/387.jpg,2,1,train
../data/crops/ginger/long/389.jpg,2,1,train
../data/crops/ginger/long/392.jpg,2,1,train
../data/crops/ginger/long/4.jpg,2,1,train
../data/crops/ginger/long/435.jpg,2,1,val
../data/crops/ginger/long/436.jpg,2,1,train
../data/crops/ginger/long/44.jpg,2,1,train
../data/crops/ginger/long/47.jpg,2,1,train
../data/crops/ginger/long/49.jpg,2,1,train
../data/crops/ginger/long/491.jpg,2,1,test
../data/crops/ginger/long/5.jpg,2,1,train
../data/crops/ginger/long/50.jpg,2,1,train
../data/crops/ginger/long/501.jpg,2,1,train
../data/crops/ginger/long/51.jpg,2,1,train
../data/crops/ginger/long/524.jpg,2,1,val
../data/crops/ginger/long/53.jpg,2,1,train
../data/crops/ginger/long/54.jpg,2,1,train
../data/crops/ginger/long/547.jpg,2,1,train
../data/crops/ginger/long/549.jpg,2,1,train
../data/crops/ginger/long/55.jpg,2,1,val
../data/crops/ginger/long/555.jpg,2,1,test
../data/crops/ginger/long/56.jpg,2,1,test
../data/crops/ginger/long/561.jpg,2,1,train
../data/crops/ginger/long/57.jpg,2,1,train
../data/crops/ginger/long/570.jpg,2,1,train
../data/crops/ginger/long/575.jpg,2,1,train
../data/crops/ginger/long/589.jpg,2,1,test
../data/crops/ginger/long/60.jpg,2,1,test
../data/crops/ginger/long/621.jpg,2,1,val
../data/crops/ginger/long/638.jpg,2,1,train
../data/crops/ginger/long/639.jpg,2,1,train
../data/crops/ginger/long/67.jpg,2,1,train
../data/crops/ginger/long/7.jpg,2,1,train
../data/crops/ginger/long/73.jpg,2,1,train
../data/crops/ginger/long/74.jpg,2,1,val
../data/crops/ginger/long/75.jpg,2,1,train
../data/crops/ginger/long/77.jpg,2,1,train
../data/crops/ginger/long/80.jpg,2,1,train
../data/crops/ginger/long/87.jpg,2,1,train
../data/crops/ginger/long/89.jpg,2,1,val
../data/crops/ginger/long/92.jpg,2,1,train
../data/crops/ginger/long/97.jpg,2,1,train
../data/crops/ginger/long/98.jpg,2,1,test
../data/crops/ginger/short/109.jpg,2,0,train
../data/crops/ginger/short/122.jpg,2,0,train
../data/crops/ginger/short/124.jpg,2,0,val
../data/crops/ginger/short/127.jpg,2,0,val
../data/crops/ginger/short/128.jpg,2,0,train
../data/crops/ginger/short/130.jpg,2,0,train
../data/crops/ginger/short/134.jpg,2,0,test
../data/crops/ginger/short/135.jpg,2,0,train
../data/crops/ginger/short/142.jpg,2,0,val
../data/crops/ginger/short/143.jpg,2,0,train
../data/crops/ginger/short/144.jpg,2,0,train
../data/crops/ginger/short/156.jpg,2,0,val
../data/crops/ginger/short/165.jpg,2,0,test
../data/crops/ginger/short/167.jpg,2,0,train
../data/crops/ginger/short/170.jpg,2,0,train
../data/crops/ginger/short/177.jpg,2,0,train
../data/crops/ginger/short/181 (2).jpg,2,0,train
../data/crops/ginger/short/181.jpg,2,0,test
../data/crops/ginger/short/183.jpg,2,0,train
../data/crops/ginger/short/187.jpg,2,0,val
../data/crops/ginger/short/189.jpg,2,0,train
../data/crops/ginger/short/196.jpg,2,0,train
../data/crops/ginger/short/197.jpg,2,0,train
../data/crops/ginger/short/204.jpg,2,0,train
../data/crops/ginger/short/205.jpg,2,0,train
../data/crops/ginger/short/209.jpg,2,0,train
../data/crops/ginger/short/211.jpg,2,0,train
../data/crops/ginger/short/213.jpg,2,0,train
../data/crops/ginger/short/215.jpg,2,0,train
../data/crops/ginger/short/219.jpg,2,0,train
../data/crops/ginger/short/220.jpg,2,0,train
../data/crops/ginger/short/221.jpg,2,0,val
../data/crops/ginger/short/225.jpg,2,0,val
../data/crops/ginger/short/226.jpg,2,0,train
../data/crops/ginger/short/227.jpg,2,0,train
../data/crops/ginger/short/228.jpg,2,0,train
../data/crops/ginger/short/231.jpg,2,0,train
../data/crops/ginger/short/241.jpg,2,0,train
../data/crops/ginger/short/242.jpg,2,0,train
../data/crops/ginger/short/251.jpg,2,0,train
../data/crops/ginger/short/265.jpg,2,0,train
../data/crops/ginger/short/272.jpg,2,0,train
../data/crops/ginger/short/274.jpg,2,0,train
../data/crops/ginger/short/277.jpg,2,0,test
../data/crops/ginger/short/295.jpg,2,0,train
../data/crops/ginger/short/323.jpg,2,0,test
../data/crops/ginger/short/33.jpg,2,0,train
../data/crops/ginger/short/360.jpg,2,0,train
../data/crops/ginger/short/365.jpg,2,0,test
../data/crops/ginger/short/39.jpg,2,0,train
../data/crops/ginger/short/398.jpg,2,0,val
../data/crops/ginger/short/40.jpg,2,0,val
../data/crops/ginger/short/401.jpg,2,0,train
../data/crops/ginger/short/407.jpg,2,0,train
../data/crops/ginger/short/438.jpg,2,0,train
../data/crops/ginger/short/468.jpg,2,0,val
../data/crops/ginger/short/509.jpg,2,0,val
../data/crops/ginger/short/567.jpg,2,0,train
../data/crops/ginger/short/569.jpg,2,0,train
../data/crops/ginger/short/587.jpg,2,0,train
../data/crops/ginger/short/61.jpg,2,0,test
../data/crops/ginger/short/622.jpg,2,0,train
../data/crops/ginger/short/63.jpg,2,0,test
../data/crops/ginger/short/64.jpg,2,0,train
../data/crops/ginger/short/82.jpg,2,0,train
../data/crops/ginger/short/86.jpg,2,0,test
../data/crops/ginger/short/88.jpg,2,0,train
../data/crops/ginger/short/95.jpg,2,0,train
../data/crops/ginger/short/98.jpg,2,0,train
../data/crops/ginger/short/99.jpg,2,0,val
../data/crops/multi_color/long/169.jpg,3,1,train
../data/crops/multi_color/long/170.jpg,3,1,train
../data/crops/multi_color/long/20.jpg,3,1,train
../data/crops/multi_color/long/236.jpg,3,1,train
../data/crops/multi_color/long/289.jpg,3,1,train
../data/crops/multi_color/long/334.jpg,3,1,test
../data/crops/multi_color/long/336.jpg,3,1,train
../data/crops/multi_color/long/337.jpg,3,1,train
../data/crops/multi_color/long/340.jpg,3,1,train
../data/crops/multi_color/long/342.jpg,3,1,test
../data/crops/multi_color/long/343.jpg,3,1,train
../data/crops/multi_color/long/345.jpg,3,1,train
../data/crops/multi_color/long/346.jpg,3,1,train
../data/crops/multi_color/long/348.jpg,3,1,train
../data/crops/multi_color/long/350.jpg,3,1,train
../data/crops/multi_color/long/351.jpg,3,1,val
../data/crops/multi_color/long/352.jpg,3,1,train
../data/crops/multi_color/long/354.jpg,3,1,train
../data/crops/multi_color/long/356.jpg,3,1,test
../data/crops/multi_color/long/361.jpg,3,1,train
../data/crops/multi_color/long/364.jpg,3,1,train
../data/crops/multi_color/long/367.jpg,3,1,train
../data/crops/multi_color/long/368.jpg,3,1,train
../data/crops/multi_color/long/369.jpg,3,1,train
../data/crops/multi_color/long/370.jpg,3,1,train
../data/crops/multi_color/long/371.jpg,3,1,val
../data/crops/multi_color/long/372.jpg,3,1,val
../data/crops/multi_color/long/374.jpg,3,1,test
../data/crops/multi_color/long/377.jpg,3,1,train
../data/crops/multi_color/long/388.jpg,3,1,val
../data/crops/multi_color/long/410.jpg,3,1,test
../data/crops/multi_color/long/418.jpg,3,1,train
../data/crops/multi_color/long/423.jpg,3,1,val
../data/crops/multi_color/long/433.jpg,3,1,train
../data/crops/multi_color/long/434.jpg,3,1,train
../data/crops/multi_color/long/439.jpg,3,1,train
../data/crops/multi_color/long/486.jpg,3,1,test
../data/crops/multi_color/long/494.jpg,3,1,test
../data/crops/multi_color/long/495.jpg,3,1,train
../data/crops/multi_color/long/507.jpg,3,1,train
../data/crops/multi_color/long/512.jpg,3,1,test
../data/crops/multi_color/long/516.jpg,3,1,test
../data/crops/multi_color/long/520.jpg,3,1,train
../data/crops/multi_color/long/523.jpg,3,1,test
../data/crops/multi_color/long/527.jpg,3,1,train
../data/crops/multi_color/long/529.jpg,3,1,val
../data/crops/multi_color/long/532.jpg,3,1,train
../data/crops/multi_color/long/536.jpg,3,1,train
../data/crops/multi_color/long/540.jpg,3,1,val
../data/crops/multi_color/long/542.jpg,3,1,train
../data/crops/multi_color/long/550.jpg,3,1,train
../data/crops/multi_color/long/574.jpg,3,1,train
../data/crops/multi_color/long/579.jpg,3,1,train
../data/crops/multi_color/long/599.jpg,3,1,train
../data/crops/multi_color/long/603.jpg,3,1,train
../data/crops/multi_color/long/604.jpg,3,1,val
../data/crops/multi_color/long/636.jpg,3,1,train
../data/crops/multi_color/long/645.jpg,3,1,train
../data/crops/multi_color/short/2.jpg,3,0,test
../data/crops/multi_color/short/248.jpg,3,0,val
../data/crops/multi_color/short/332.jpg,3,0,train
../data/crops/multi_color/short/335.jpg,3,0,val
../data/crops/multi_color/short/344.jpg,3,0,train
../data/crops/multi_color/short/347.jpg,3,0,train
../data/crops/multi_color/short/349.jpg,3,0,train
../data/crops/multi_color/short/355.jpg,3,0,train
../data/crops/multi_color/short/357 (2).jpg,3,0,train
../data/crops/multi_color/short/357.jpg,3,0,train
../data/crops/multi_color/short/359 (2).jpg,3,0,test
../data/crops/multi_color/short/359.jpg,3,0,train
../data/crops/multi_color/short/361 (2).jpg,3,0,train
../data/crops/multi_color/short/362.jpg,3,0,test
../data/crops/multi_color/short/363.jpg,3,0,train
../data/crops/multi_color/short/365.jpg,3,0,train
../data/crops/multi_color/short/366.jpg,3,0,train
../data/crops/multi_color/short/376.jpg,3,0,train
../data/crops/multi_color/short/378.jpg,3,0,train
../data/crops/multi_color/short/380.jpg,3,0,test
../data/crops/multi_color/short/381.jpg,3,0,train
../data/crops/multi_color/short/382.jpg,3,0,train
../data/crops/multi_color/short/385.jpg,3,0,train
../data/crops/multi_color/short/386.jpg,3,0,train
../data/crops/multi_color/short/387.jpg,3,0,val
../data/crops/multi_color/short/390.jpg,3,0,train
../data/crops/multi_color/short/391.jpg,3,0,test
../data/crops/multi_color/short/392.jpg,3,0,train
../data/crops/multi_color/short/393.jpg,3,0,train
../data/crops/multi_color/short/394.jpg,3,0,train
../data/crops/multi_color/short/395.jpg,3,0,train
../data/crops/multi_color/short/396.jpg,3,0,train
../data/crops/multi_color/short/397.jpg,3,0,train
../data/crops/multi_color/short/399.jpg,3,0,train
../data/crops/multi_color/short/400.jpg,3,0,train
../data/crops/multi_color/short/401.jpg,3,0,train
../data/crops/multi_color/short/402.jpg,3,0,train
../data/crops/multi_color/short/403.jpg,3,0,train
../data/crops/multi_color/short/404.jpg,3,0,train
../data/crops/multi_color/short/405.jpg,3,0,train
../data/crops/multi_color/short/406.jpg,3,0,test
../data/crops/multi_color/short/407.jpg,3,0,train
../data/crops/multi_color/short/408.jpg,3,0,test
../data/crops/multi_color/short/409.jpg,3,0,val
../data/crops/multi_color/short/411.jpg,3,0,train
../data/crops/multi_color/short/412.jpg,3,0,train
../data/crops/multi_color/short/413.jpg,3,0,train
../data/crops/multi_color/short/414.jpg,3,0,train
../data/crops/multi_color/short/415.jpg,3,0,val
../data/crops/multi_color/short/416.jpg,3,0,train
../data/crops/multi_color/short/417.jpg,3,0,train
../data/crops/multi_color/short/419.jpg,3,0,train
../data/crops/multi_color/short/420.jpg,3,0,val
../data/crops/multi_color/short/421 (2).jpg,3,0,train
../data/crops/multi_color/short/421.jpg,3,0,train
../data/crops/multi_color/short/422.jpg,3,0,train
../data/crops/multi_color/short/423 (2).jpg,3,0,train
../data/crops/multi_color/short/424.jpg,3,0,val
../data/crops/multi_color/short/425.jpg,3,0,train
../data/crops/multi_color/short/426.jpg,3,0,train
../data/crops/multi_color/short/427.jpg,3,0,train
../data/crops/multi_color/short/428.jpg,3,0,train
../data/crops/multi_color/short/429.jpg,3,0,train
../data/crops/multi_color/short/430.jpg,3,0,train
../data/crops/multi_color/short/431.jpg,3,0,train
../data/crops/multi_color/short/432.jpg,3,0,val
../data/crops/multi_color/short/437.jpg,3,0,train
../data/crops/multi_color/short/438.jpg,3,0,test
../data/crops/multi_color/short/440.jpg,3,0,val
../data/crops/multi_color/short/441.jpg,3,0,train
../data/crops/multi_color/short/442.jpg,3,0,train
../data/crops/multi_color/short/483.jpg,3,0,val
../data/crops/multi_color/short/484.jpg,3,0,test
../data/crops/multi_color/short/485.jpg,3,0,train
../data/crops/multi_color/short/487.jpg,3,0,train
../data/crops/multi_color/short/488.jpg,3,0,train
../data/crops/multi_color/short/489.jpg,3,0,val
../data/crops/multi_color/short/490.jpg,3,0,train
../data/crops/multi_color/short/492.jpg,3,0,train
../data/crops/multi_color/short/493.jpg,3,0,train
../data/crops/multi_color/short/496.jpg,3,0,train
../data/crops/multi_color/short/497.jpg,3,0,test
../data/crops/multi_color/short/499.jpg,3,0,val
../data/crops/multi_color/short/500.jpg,3,0,train
../data/crops/multi_color/short/502.jpg,3,0,train
../data/crops/multi_color/short/503.jpg,3,0,train
../data/crops/multi_color/short/504.jpg,3,0,train
../data/crops/multi_color/short/505.jpg,3,0,train
../data/crops/multi_color/short/506.jpg,3,0,test
../data/crops/multi_color/short/508.jpg,3,0,test
../data/crops/multi_color/short/510.jpg,3,0,train
../data/crops/multi_color/short/511.jpg,3,0,train
../data/crops/multi_color/short/513.jpg,3,0,train
../data/crops/multi_color/short/514.jpg,3,0,val
../data/crops/multi_color/short/517.jpg,3,0,train
../data/crops/multi_color/short/518.jpg,3,0,val
../data/crops/multi_color/short/519.jpg,3,0,train
../data/crops/multi_color/short/521.jpg,3,0,train
../data/crops/multi_color/short/522.jpg,3,0,test
../data/crops/multi_color/short/525.jpg,3,0,test
../data/crops/multi_color/short/526.jpg,3,0,train
../data/crops/multi_color/short/528.jpg,3,0,val
../data/crops/multi_color/short/530.jpg,3,0,train
../data/crops/multi_color/short/531.jpg,3,0,val
../data/crops/multi_color/short/533.jpg,3,0,val
../data/crops/multi_color/short/534.jpg,3,0,val
../data/crops/multi_color/short/535.jpg,3,0,train
../data/crops/multi_color/short/537.jpg,3,0,train
../data/crops/multi_color/short/538.jpg,3,0,train
../data/crops/multi_color/short/539.jpg,3,0,train
../data/crops/multi_color/short/541.jpg,3,0,train
../data/crops/multi_color/short/543.jpg,3,0,train
../data/crops/multi_color/short/544.jpg,3,0,train
../data/crops/multi_color/short/545.jpg,3,0,train
../data/crops/multi_color/short/546.jpg,3,0,train
../data/crops/multi_color/short/548.jpg,3,0,train
../data/crops/multi_color/short/551.jpg,3,0,train
../data/crops/multi_color/short/552.jpg,3,0,train
../data/crops/multi_color/short/553.jpg,3,0,val
../data/crops/multi_color/short/554.jpg,3,0,test
../data/crops/multi_color/short/556.jpg,3,0,train
../data/crops/multi_color/short/557.jpg,3,0,val
../data/crops/multi_color/short/558.jpg,3,0,train
../data/crops/multi_color/short/559.jpg,3,0,train
../data/crops/multi_color/short/560.jpg,3,0,val
../data/crops/multi_color/short/562.jpg,3,0,test
../data/crops/multi_color/short/564.jpg,3,0,train
../data/crops/multi_color/short/565.jpg,3,0,train
../data/crops/multi_color/short/566.jpg,3,0,train
../data/crops/multi_color/short/568.jpg,3,0,test
../data/crops/multi_color/short/571.jpg,3,0,train
../data/crops/multi_color/short/572.jpg,3,0,train
../data/crops/multi_color/short/573.jpg,3,0,train
../data/crops/multi_color/short/576.jpg,3,0,val
../data/crops/multi_color/short/577.jpg,3,0,train
../data/crops/multi_color/short/578.jpg,3,0,train
../data/crops/multi_color/short/580.jpg,3,0,val
../data/crops/multi_color/short/581.jpg,3,0,train
../data/crops/multi_color/short/583.jpg,3,0,test
../data/crops/multi_color/short/584.jpg,3,0,train
../data/crops/multi_color/short/585.jpg,3,0,val
../data/crops/multi_color/short/586.jpg,3,0,train
../data/crops/multi_color/short/588.jpg,3,0,train
../data/crops/multi_color/short/590.jpg,3,0,train
../data/crops/multi_color/short/591.jpg,3,0,train
../data/crops/multi_color/short/593.jpg,3,0,train
../data/crops/multi_color/short/594.jpg,3,0,train
../data/crops/multi_color/short/596.jpg,3,0,train
../data/crops/multi_color/short/597.jpg,3,0,train
../data/crops/multi_color/short/598.jpg,3,0,test
../data/crops/multi_color/short/601.jpg,3,0,test
../data/crops/multi_color/short/602.jpg,3,0,train
../data/crops/multi_color/short/605.jpg,3,0,train
../data/crops/multi_color/short/606.jpg,3,0,train
../data/crops/multi_color/short/607.jpg,3,0,val
../data/crops/multi_color/short/608.jpg,3,0,train
../data/crops/multi_color/short/609.jpg,3,0,train
../data/crops/multi_color/short/610.jpg,3,0,train
../data/crops/multi_color/short/611.jpg,3,0,train
../data/crops/multi_color/short/612.jpg,3,0,train
../data/crops/multi_color/short/613.jpg,3,0,val
../data/crops/multi_color/short/614.jpg,3,0,val
../data/crops/multi_color/short/615.jpg,3,0,test
../data/crops/multi_color/short/616.jpg,3,0,test
../data/crops/multi_color/short/617.jpg,3,0,train
../data/crops/multi_color/short/618.jpg,3,0,train
../data/crops/multi_color/short/619.jpg,3,0,train
../data/crops/multi_color/short/620.jpg,3,0,test
../data/crops/multi_color/short/623.jpg,3,0,test
../data/crops/multi_color/short/624.jpg,3,0,train
../data/crops/multi_color/short/625.jpg,3,0,test
../data/crops/multi_color/short/626.jpg,3,0,train
../data/crops/multi_color/short/627.jpg,3,0,train
../data/crops/multi_color/short/628.jpg,3,0,train
../data/crops/multi_color/short/629.jpg,3,0,val
../data/crops/multi_color/short/630.jpg,3,0,train
../data/crops/multi_color/short/631.jpg,3,0,train
../data/crops/multi_color/short/632.jpg,3,0,train
../data/crops/multi_color/short/633.jpg,3,0,test
../data/crops/multi_color/short/634.jpg,3,0,train
../data/crops/multi_color/short/635.jpg,3,0,train
../data/crops/multi_color/short/637.jpg,3,0,val
../data/crops/multi_color/short/640.jpg,3,0,train
../data/crops/multi_color/short/641.jpg,3,0,test
../data/crops/multi_color/short/642.jpg,3,0,train
../data/crops/multi_color/short/643.jpg,3,0,train
../data/crops/multi_color/short/644.jpg,3,0,train
../data/crops/multi_color/short/646.jpg,3,0,train
../data/crops/multi_color/short/647.jpg,3,0,train
